uid,gender
HS001,F
HS002,M
HS003,F
HS004,F
HS005,M
HS006,F
HS007,F
HS008,F
HS009,M
HS010,F
HS011,M
HS012,M
HS013,M
HS014,F
HS015,M
HS016,M
HS017,F
HS018,F
HS019,M
HS020,F
HS021,F
HS022,F
HS023,M
HS024,F
HS025,M
HS026,F
HS027,F
HS028,F
HS029,F
HS030,M
HS031,M
HS032,F
HS033,F
HS034,M
HS035,F
HS036,F
HS037,F
HS038,F
HS039,F
HS040,F
HS041,F
HS042,F
HS043,F
HS044,M
HS045,F
HS046,F
HS047,M
HS048,M
HS049,F
HS050,F
HS051,F
HS052,F
HS053,F
HS054,F
HS055,F
HS056,F
HS057,M
HS058,F
HS059,F
HS060,F
HS061,F
HS062,M
HS063,F
HS064,F
HS065,F
HS066,F
HS067,F
HS068,F
HS069,F
HS070,M
HS071,M
HS072,F
HS073,M
HS074,F
HS075,F
HS076,F
HS077,F
HS078,F
HS079,F
HS080,F
HS081,F
HS082,F
HS083,F
HS084,F
HS085,F
HS086,F
HS087,F
HS088,F
HS089,F
HS090,M
HS091,M
HS092,M
HS093,M
HS094,F
HS095,F
HS096,M
HS097,F
HS098,M
HS099,M
HS100,M
HS101,M
HS102,F
HS103,F
HS104,F
HS105,F
HS106,F
HS107,F
HS108,F
HS109,M
HS110,M
HS111,F
HS112,M
HS113,F
HS114,M
HS115,M
HS116,F
HS117,F
HS118,F
HS119,M
HS120,M
HS121,M
HS122,F
HS123,F
HS124,M
HS125,M
HS126,F
HS127,F
HS128,M
HS129,F
HS130,F
HS131,F
HS132,F
HS133,F
HS134,M
HS135,F
HS136,F
HS137,F
HS138,F
HS139,M
HS140,F
HS141,F
HS142,F
HS143,M
HS144,M
HS145,M
HS146,F
HS147,M
HS148,M
HS149,M
HS150,F
HS151,M
HS152,M
HS153,F
HS154,F
HS155,F
HS156,F
HS157,F
HS158,F
HS159,F
HS160,F
HS161,F
HS162,F
HS163,M
HS164,M
HS165,F
HS166,F
HS167,M
HS168,F
HS169,M
HS170,F
HS171,F
HS172,M
HS173,F
HS174,M
HS175,F
HS176,F
HS177,F
HS178,F
HS179,M
HS180,M
HS181,M
HS182,F
HS183,F
HS184,F
HS185,F
HS186,F
HS187,F
HS188,M
HS189,F
HS190,F
HS191,F
HS192,F
HS193,F
HS194,M
HS195,F
HS196,F
HS197,M
HS198,M
HS199,F
HS200,F
HS201,F
HS202,M
HS203,F
HS204,F
HS205,F
HS206,F
HS207,F
HS208,F
HS209,M
HS210,F
HS211,F
HS212,F
HS213,F
HS214,F
HS215,M
HS216,M
